{"cameraMode":{"drawMode":0,"name":"Shaded","section":"Shading Mode"},"sceneLighting":true,"audioPlay":false,"sceneViewState":{"m_AlwaysRefresh":false,"showFog":true,"showSkybox":true,"showFlares":true,"showImageEffects":true,"showParticleSystems":true,"showVisualEffectGraphs":true,"m_FxEnabled":true},"in2DMode":false,"pivot":{"x":9.558504104614258,"y":10.517556190490723,"z":-9.89963150024414},"rotation":{"x":-0.24649597704410554,"y":0.04272023215889931,"z":-0.010876696556806565,"w":-0.9681434631347656},"size":32.820091247558597,"orthographic":false}